{
  "name": "Java 17 - Sistema de Cuentas Bancarias",
  "image": "mcr.microsoft.com/devcontainers/java:17",

  "features": {
    "ghcr.io/devcontainers/features/java:1": {
      "version": "17",
      "installMaven": "true",
      "mavenVersion": "3.9"
    }
  },

  "customizations": {
    "vscode": {
      "extensions": [
        "vscjava.vscode-java-pack",
        "vscjava.vscode-maven",
        "redhat.java",
        "vscjava.vscode-java-debug",
        "vscjava.vscode-java-test",
        "vscjava.vscode-java-dependency"
      ],
      "settings": {
        "java.configuration.runtimes": [
          {
            "name": "JavaSE-17",
            "path": "/usr/local/sdkman/candidates/java/current"
          }
        ],
        "java.import.maven.enabled": true,
        "maven.executable.path": "/usr/local/sdkman/candidates/maven/current/bin/mvn"
      }
    }
  },

  "postCreateCommand": "mvn clean compile",

  "forwardPorts": [8080],

  "remoteUser": "vscode"
}
