{
  "tests": [
    {
      "name": "Compilación del Proyecto",
      "setup": "",
      "run": "mvn clean compile",
      "input": "",
      "output": "",
      "comparison": "included",
      "timeout": 10,
      "points": 5
    },
    {
      "name": "Lección 1: Constructor de Cuenta AHORROS",
      "setup": "",
      "run": "mvn test -Dtest=CuentaTest#testConstructorAhorros",
      "input": "",
      "output": "",
      "comparison": "included",
      "timeout": 10,
      "points": 5
    },
    {
      "name": "Lección 1: Constructor de Cuenta CORRIENTE",
      "setup": "",
      "run": "mvn test -Dtest=CuentaTest#testConstructorCorriente",
      "input": "",
      "output": "",
      "comparison": "included",
      "timeout": 10,
      "points": 5
    },
    {
      "name": "Lección 1: Constructor con Diferentes Números",
      "setup": "",
      "run": "mvn test -Dtest=CuentaTest#testConstructorDiferentesNumeros",
      "input": "",
      "output": "",
      "comparison": "included",
      "timeout": 10,
      "points": 5
    },
    {
      "name": "Lección 2: Getter de numeroCuenta",
      "setup": "",
      "run": "mvn test -Dtest=CuentaTest#testGetterNumeroCuenta",
      "input": "",
      "output": "",
      "comparison": "included",
      "timeout": 10,
      "points": 5
    },
    {
      "name": "Lección 2: Getter de tipo",
      "setup": "",
      "run": "mvn test -Dtest=CuentaTest#testGetterTipo",
      "input": "",
      "output": "",
      "comparison": "included",
      "timeout": 10,
      "points": 5
    },
    {
      "name": "Lección 2: Getter de saldo",
      "setup": "",
      "run": "mvn test -Dtest=CuentaTest#testGetterSaldo",
      "input": "",
      "output": "",
      "comparison": "included",
      "timeout": 10,
      "points": 5
    },
    {
      "name": "Lección 2: Getter de transaccionesMes",
      "setup": "",
      "run": "mvn test -Dtest=CuentaTest#testGetterTransaccionesMes",
      "input": "",
      "output": "",
      "comparison": "included",
      "timeout": 10,
      "points": 5
    },
    {
      "name": "Lección 2: Setter de tipo",
      "setup": "",
      "run": "mvn test -Dtest=CuentaTest#testSetterTipo",
      "input": "",
      "output": "",
      "comparison": "included",
      "timeout": 10,
      "points": 5
    },
    {
      "name": "Lección 2: Todos los Getters",
      "setup": "",
      "run": "mvn test -Dtest=CuentaTest#testTodosLosGetters",
      "input": "",
      "output": "",
      "comparison": "included",
      "timeout": 10,
      "points": 5
    },
    {
      "name": "Lección 3: Constructor Inicializa ArrayList",
      "setup": "",
      "run": "mvn test -Dtest=ClienteTest#testConstructorInicializaArrayList",
      "input": "",
      "output": "",
      "comparison": "included",
      "timeout": 10,
      "points": 5
    },
    {
      "name": "Lección 3: ArrayList Inicia Vacío",
      "setup": "",
      "run": "mvn test -Dtest=ClienteTest#testArrayListIniciaVacio",
      "input": "",
      "output": "",
      "comparison": "included",
      "timeout": 10,
      "points": 5
    },
    {
      "name": "Lección 3: Getter getCuentas() Funciona",
      "setup": "",
      "run": "mvn test -Dtest=ClienteTest#testGetCuentasFunciona",
      "input": "",
      "output": "",
      "comparison": "included",
      "timeout": 10,
      "points": 5
    },
    {
      "name": "Lección 4: Abrir Primera Cuenta",
      "setup": "",
      "run": "mvn test -Dtest=ClienteTest#testAbrirPrimeraCuenta",
      "input": "",
      "output": "",
      "comparison": "included",
      "timeout": 10,
      "points": 6
    },
    {
      "name": "Lección 4: Abrir Múltiples Cuentas",
      "setup": "",
      "run": "mvn test -Dtest=ClienteTest#testAbrirMultiplesCuentas",
      "input": "",
      "output": "",
      "comparison": "included",
      "timeout": 10,
      "points": 6
    },
    {
      "name": "Lección 4: Abrir Hasta 6 Cuentas",
      "setup": "",
      "run": "mvn test -Dtest=ClienteTest#testAbrirHastaSeisCuentas",
      "input": "",
      "output": "",
      "comparison": "included",
      "timeout": 10,
      "points": 6
    },
    {
      "name": "Lección 4: Rechazar Séptima Cuenta",
      "setup": "",
      "run": "mvn test -Dtest=ClienteTest#testRechazarSeptimaCuenta",
      "input": "",
      "output": "",
      "comparison": "included",
      "timeout": 10,
      "points": 6
    },
    {
      "name": "Lección 4: Cuentas en ArrayList",
      "setup": "",
      "run": "mvn test -Dtest=ClienteTest#testCuentasEnArrayList",
      "input": "",
      "output": "",
      "comparison": "included",
      "timeout": 10,
      "points": 6
    },
    {
      "name": "Lección 4: Validación con Diferentes Números",
      "setup": "",
      "run": "mvn test -Dtest=ClienteTest#testValidacionConDiferentesNumeros",
      "input": "",
      "output": "",
      "comparison": "included",
      "timeout": 10,
      "points": 6
    },
    {
      "name": "Suite Completa de Tests (17 tests)",
      "setup": "",
      "run": "mvn test",
      "input": "",
      "output": "",
      "comparison": "included",
      "timeout": 10,
      "points": 10
    }
  ]
}
